Date Time (UTC),Device,Direction,Payload
7/27/2019 13:33,RockBLOCK 17285,MO,0100000000000000000000000000000000000000000008000d025d3c4b36d574b5c5ab95d5bf014800f001291afff804000d035d3c4ecbe773b5c5e9b7e3bf014f00f001331afd0008000d045d3c5260ff72b5c5fc52efbf013b00f0011d1afaf104000d
7/27/2019 14:49,RockBLOCK 17285,MO,015d3c59891c71b5c55e8500c0014200f001241af9e006000d025d3c5d1d3270b5c531eb03c0014300f001251af8ea06000d035d3c60b15f6fb5c53e9606c0021200f002011af7f804000d045d3c6444a06eb5c51a8607c0014500f0012c1af7db04000d
7/28/2019 14:53,RockBLOCK 17285,MO,015d3c6b6d1e6db5c5e27505c0013d00f0011e1af40004000d0200000000000000000000000000000000000000000000040d03000000000000000000000000000000000000000104e2040d0400000000000000000000000000000000000000000000060d
7/28/2019 15:52,RockBLOCK 17285,MO,0100000000000000000000000000000000000000000000060d0200000000000000000000000000000000000000ffe525040d0300000000000000000000000000000000000000ffdb61060d0400000000000000000000000000000000000000fefb1e060d
7/28/2019 16:52,RockBLOCK 17285,MO,0100000000000000000000000000000000000000000000040d0200000000000000000000000000000000000000fef15a040d0300000000000000000000000000000000000000000000060d0400000000000000000000000000000000000000000000060d
7/28/2019 17:51,RockBLOCK 17285,MO,0100000000000000000000000000000000000000000000040d0200000000000000000000000000000000000000000000040d0300000000000000000000000000000000000000feea07040d0400000000000000000000000000000000000000000000040d
7/28/2019 18:50,RockBLOCK 17285,MO,0100000000000000000000000000000000000000fef3cb060d0200000000000000000000000000000000000000000000040d0300000000000000000000000000000000000000fef63c060d0400000000000000000000000000000000000000fef8ad040d
7/28/2019 19:49,RockBLOCK 17285,MO,0100000000000000000000000000000000000000000000060d0200000000000000000000000000000000000000fefd8f060d0300000000000000000000000000000000000000fefb1e080d0400000000000000000000000000000000000000fefb1e040d
7/28/2019 20:49,RockBLOCK 17285,MO,0100000000000000000000000000000000000000000000040d0200000000000000000000000000000000000000fefd8f040d0300000000000000000000000000000000000000fe0000040d0400000000000000000000000000000000000000000000060d
7/28/2019 21:48,RockBLOCK 17285,MO,0100000000000000000000000000000000000000fe0000060d0200000000000000000000000000000000000000ffdb61040d0300000000000000000000000000000000000000ffddd2040d0400000000000000000000000000000000000000ffddd2060d
7/28/2019 22:47,RockBLOCK 17285,MO,0100000000000000000000000000000000000000ffe043040d0200000000000000000000000000000000000000000000060d0300000000000000000000000000000000000000ffe525060d0400000000000000000000000000000000000000ffe796060d
7/28/2019 23:47,RockBLOCK 17285,MO,0100000000000000000000000000000000000000000000160d0200000000000000000000000000000000000000000000060d0300000000000000000000000000000000000000fff63c040d0400000000000000000000000000000000000000fffb1e060d
7/29/2019 0:46,RockBLOCK 17285,MO,0100000000000000000000000000000000000000ff0000040d0200000000000000000000000000000000000000ff0000060d0300000000000000000000000000000000000000ff0000040d040000000000000000000000000000000000000000db61060d
7/29/2019 1:46,RockBLOCK 17285,MO,0100000000000000000000000000000000000000000000040d020000000000000000000000000000000000000000e043040d030000000000000000000000000000000000000000e2b4060d0400000000000000000000000000000000000000000000040d
7/29/2019 2:45,RockBLOCK 17285,MO,0100000000000000000000000000000000000000000000040d020000000000000000000000000000000000000000ea07040d030000000000000000000000000000000000000000eee9040d040000000000000000000000000000000000000000f15a060d
7/29/2019 3:44,RockBLOCK 17285,MO,010000000000000000000000000000000000000000f3cb060d0200000000000000000000000000000000000000000000040d0300000000000000000000000000000000000000000000060d0400000000000000000000000000000000000000000000040d
7/29/2019 4:44,RockBLOCK 17285,MO,010000000000000000000000000000000000000000f63c060d0200000000000000000000000000000000000000000000040d030000000000000000000000000000000000000000fd8f060d0400000000000000000000000000000000000000000000040d
7/29/2019 5:43,RockBLOCK 17285,MO,0100000000000000000000000000000000000000000271060d0200000000000000000000000000000000000000000000040d0300000000000000000000000000000000000000000000080d04000000000000000000000000000000000000000004e2040d
7/29/2019 6:43,RockBLOCK 17285,MO,0100000000000000000000000000000000000000000000060d0200000000000000000000000000000000000000000000060d0300000000000000000000000000000000000000000000060d0400000000000000000000000000000000000000000000060d
7/29/2019 7:42,RockBLOCK 17285,MO,0100000000000000000000000000000000000000000ea6040d0200000000000000000000000000000000000000001117040d0300000000000000000000000000000000000000000000060d040000000000000000000000000000000000000000186a040d
7/29/2019 8:42,RockBLOCK 17285,MO,0100000000000000000000000000000000000000000000060d0200000000000000000000000000000000000000000000060d0300000000000000000000000000000000000000010271040d0400000000000000000000000000000000000000010ea6060d
7/29/2019 9:41,RockBLOCK 17285,MO,010000000000000000000000000000000000000001186a060d0200000000000000000000000000000000000000000000060d0300000000000000000000000000000000000000000000060d04000000000000000000000000000000000000000209c4060d
7/29/2019 10:40,RockBLOCK 17285,MO,010000000000000000000000000000000000000004222e060d020000000000000000000000000000000000000004186a060d0300000000000000000000000000000000000000000000060d040000000000000000000000000000000000000003249f060d
7/29/2019 11:40,RockBLOCK 17285,MO,0100000000000000000000000000000000000000000000040d020000000000000000000000000000000000000004222e040d0300000000000000000000000000000000000000000000060d0400000000000000000000000000000000000000051388060d
7/29/2019 13:43,RockBLOCK 17285,MO,0100000000000000000000000000000000000000051adb060d025d3ef310ab0da9c5bb8f8b41013c00a0011e1a0e249f060d035d3ef5763106a9c566ce8241013c00a0011f1a081117040d045d3ef7dc0fffa8c537fd7341015400a0013d1a061388060d
7/29/2019 14:35,RockBLOCK 17285,MO,015d3efca72bf2a8c5e97d5141015700a001421e0509c4060d025d3eff0d9beba8c52f344041021900a0020a1a041d4c040d035d3f017196e4a8c512032d41021700a002071a040000040d045d3f03d659dea8c59c3f1a41014700a0012e1e031117040d
7/29/2019 15:26,RockBLOCK 17285,MO,015d3f08a137d4a8c5a31ed840013f00a001221a021d4c060d025d3f0b0636cfa8c5ee77a940013e00a0011f1e021388040d035d3f0d6ba4caa8c5e17a7840013d00a0011d1e020753060d045d3f0fcfdcc5a8c5b1c41740013c00a0011c1a0204e2040d
7/29/2019 16:17,RockBLOCK 17285,MO,015d3f149998c0a8c5ebad013e014000a001201e01249f060d025d3f16fe93c0a8c58811023e013b00a0011c1a01222e060d035d3f196389c0a8c5ee7cff3d013b00a0011b1a01222e040d045d3f1bc98bc0a8c5d0f2fc3d013c00a0011c1a01222e040d
7/29/2019 17:08,RockBLOCK 17285,MO,015d3f20958dc0a8c57c9bfe3d013e00a001211a020000040d025d3f22fb8cc0a8c5e622fe3d014000a001251a020000060d035d3f25628ec0a8c54512fd3d014300a0012a1a020271060d045d3f27c88cc0a8c535eff83d014100a001241a020000060d
7/29/2019 17:59,RockBLOCK 17285,MO,015d3f2c958dc0a8c50113f83d014d00a001331a020000060d025d3f2efb8ec0a8c5cb67f93d014f00a001341a020000040d035d3f31618fc0a8c54772f93d013e00a001221a020271040d045d3f33c690c0a8c52f51fd3d020500a001541a020000040d
7/29/2019 18:50,RockBLOCK 17285,MO,015d3f389191c0a8c5d93df93d015d00a001431a020271060d025d3f3af790c0a8c51f2ef93d015500a001381a020271060d035d3f3d5c8ec0a8c51990fd3d014e00a001311e020271040d045d3f3fc287c0a8c5371a003e014b00a0012d1a020000080d
7/29/2019 19:42,RockBLOCK 17285,MO,015d3f448d86c0a8c557b2033e015200a001371a020000040d025d3f46f388c0a8c52029023e014d00a001331a020271080d035d3f495989c0a8c59886013e020e00a0015d1a020271040d045d3f4bbf87c0a8c5d6c50d3e013300a001141a020271060d
7/29/2019 20:33,RockBLOCK 17285,MO,015d3f508c89c0a8c50e32093e041a00a0040f1a020000060d025d3f52f18bc0a8c537540c3e015800a001401e020000060d035d3f555680c0a8c571ac0b3e021b00a002071a01249f060d045d3f57bb7fc0a8c5c5030a3e014b00a001321a01249f040d
7/29/2019 21:24,RockBLOCK 17285,MO,015d3f5c857ac0a8c5d7860a3e014e00a001311e020000040d025d3f5ee980c0a8c5876d0b3e020000a0014b1a01249f040d035d3f614e81c0a8c5e370063e016300a0014a1a01222e040d045d3f63b381c0a8c5e44e093e013400a001171a01222e060d
7/29/2019 22:15,RockBLOCK 17285,MO,015d3f687d83c0a8c546eb083e014000a001251e011fbd040d025d3f6ae280c0a8c5280f0b3e014900a0012f1a01222e040d035d3f6d4879c0a8c55ed70f3e014600a0012b1a01222e060d045d3f6fae72c0a8c5c1730f3e014c00a001311a01249f060d
7/29/2019 23:06,RockBLOCK 17285,MO,015d3f747979c0a8c573d7123e015200a001371a011fbd040d025d3f76de77c0a8c50de00d3e015700a0013e1e01222e040d035d3f794478c0a8c53bdf0f3e014600a0012b1a01222e060d045d3f7ba976c0a8c5f2d20d3e014700a0012d1a01222e040d
7/29/2019 23:57,RockBLOCK 17285,MO,015d3f807578c0a8c592b3103e014700a0012c1a011fbd060d025d3f82db7bc0a8c5ed64103e014600a0012a1e011d4c060d035d3f854074c0a8c558ad0c3e020100a0014f1e011adb040d045d3f87a671c0a8c5dc110e3e020800a001571a011adb060d
7/30/2019 0:48,RockBLOCK 17285,MO,015d3f8c7171c0a8c5f0c40c3e014500a001281a01186a060d025d3f8ed674c0a8c5dc800f3e013b00a0011d1a0115f9020d035d3f913c74c0a8c53d0f0e3e015300a0013d1e011388040d045d3f93a176c0a8c59c6d0e3e013900a0011b1a011388060d
7/30/2019 1:39,RockBLOCK 17285,MO,015d3f986b72c0a8c596b20c3e013800a001191a011388060d025d3f9ad172c0a8c5840d0f3e013800a001191a011388060d035d3f9d366ec0a8c5ef03103e014300a001251e011388060d045d3f9f9d71c0a8c5f4e00e3e014500a001291a011388060d
7/30/2019 2:31,RockBLOCK 17285,MO,015d3fa46a71c0a8c5c6bf0f3e014a00a001341e011388060d025d3fa6d16dc0a8c5d027123e012b00a0010e1a011388040d035d3fa9376ec0a8c572a7143e012400a001091a011117060d045d3fab9d67c0a8c5e8d90c3e011e00a000631a011388040d
7/30/2019 3:22,RockBLOCK 17285,MO,015d3fb06875c0a8c5db50113e012b00a0010b1a011117060d025d3fb2ce78c0a8c5821c143e013b00a0011d1e011117060d035d3fb5346fc0a8c5598b0f3e015b00a001471a010ea6040d045d3fb79a70c0a8c520630e3e013d00a001221a010ea6040d
7/30/2019 4:13,RockBLOCK 17285,MO,015d3fbc6672c0a8c588ba0f3e012a00a0010a1a010c35080d025d3fbecc73c0a8c58cd6113e013500a001141a0109c4040d035d3fc1326fc0a8c5ed64103e013400a001131a0109c4060d045d3fc3986ec0a8c5bc570d3e013700a001161a0109c4040d
7/30/2019 5:04,RockBLOCK 17285,MO,015d3fc86471c0a8c57fc10e3e013d00a0011f1a0109c4060d025d3fcacb72c0a8c5fbcb0e3e013e00a001211a0109c4040d035d3fcd3175c0a8c5594c0c3e014000a001251a0109c4040d045d3fcf9775c0a8c523a10d3e014200a001281a0109c4060d
7/30/2019 5:55,RockBLOCK 17285,MO,015d3fd4646ec0a8c50e4f0f3e015200a001371e010753060d025d3fd6c96ec0a8c5d673123e015800a0013e1e010753060d035d3fd92f6bc0a8c5e679103e015c00a001421a010753060d045d3fdb956fc0a8c52f17113e015c00a001411a010753060d
7/30/2019 6:47,RockBLOCK 17285,MO,015d3fe06072c0a8c544fa0d3e013c00a0011f1a010753040d025d3fe2c674c0a8c5ec170c3e015900a001401a0109c4040d035d3fe52b8dc0a8c503b257bd015000a001361a0109c4060d045d3fe7911678a7c5c6dcadbf014900a0012e1a010753040d
7/30/2019 7:38,RockBLOCK 17285,MO,015d3fec5ec865a7c5a56693c0013f00a001241a010753060d025d3feec4ea5ca7c5fb05c5c0015100a001371a010753060d035d3ff12a7b54a7c5c8cdfec0014f00a001361a0109c4060d045d3ff3900a4ca7c51bc71cc1024700a002381a010ea6040d
7/30/2019 8:29,RockBLOCK 17285,MO,015d3ff85d0f3ca7c5677257c1013e00a001211e011388060d025d3ffac43834a7c5ded476c1014000a001221a01186a040d035d3ffd2a342ca7c5e1ba8ac1014100a0012322011fbd040d045d3fff8fe023a7c5ad6f99c1014100a001231a01222e060d
7/30/2019 9:20,RockBLOCK 17285,MO,015d40045c8209a7c5e62eaec1013f00a001211a011fbd040d025d4006c326fba6c57c6db8c1013d00a0011f1a011fbd060d035d40092a51eea6c57221c5c1014c00a001301a0204e2060d045d400b903ae2a6c5e584d2c1020700a001541a0209c4060d
7/30/2019 10:12,RockBLOCK 17285,MO,015d40105dcdc9a6c5af3cebc1013c00a001201e020753040d025d4012c34abda6c54434f6c1014f00a001341e0209c4060d035d401529f6b0a6c5fa4701c2014000a00125220209c4040d045d4017904fa6a6c588f107c2014000a001241a020ea6060d
7/30/2019 11:02,RockBLOCK 17285,MO,015d401c5da292a6c52ae614c2020000a0014c1a0304e2060d025d401ec40389a6c5714c1bc2020d00a0015a1a0309c4060d035d40212a6281a6c5df4c22c2021a00a002041e03186a060d045d402390277ba6c57a9f28c2022300a0020d1e03186a060d
7/30/2019 11:53,RockBLOCK 17285,MO,015d40285c1e6fa6c5799b37c2021600a002001a040271060d025d402ac2fa68a6c5efe93dc2020600a001521a040753060d035d402d29fe5fa6c5d3f643c2015a00a001401a041adb040d045d402f8f6e56a6c579294ac2015900a001401a041388040d
7/30/2019 12:45,RockBLOCK 17285,MO,015d40345cdb42a6c579a956c2015100a001351a040000040d025d4036c39138a6c5111e5dc2014500a0012622040000040d035d40392a4f2ea6c50fc262c2014300a001231e040271060d045d403b903824a6c5396b68c2014300a001231a0409c4060d
7/30/2019 13:36,RockBLOCK 17285,MO,015d40405c4e10a6c5b7edc9c2014b00a0012e1a041388080d025d4042c36606a6c5b9c2ccc2015300a001391e050000040d035d40452aacfca5c57f7acfc2013c00a0011f1a041adb080d045d40479162f2a5c5585ad2c2013c00a001201a041d4c060d
7/30/2019 14:28,RockBLOCK 17285,MO,015d404c5e2fdfa5c5d643d8c2014a00a001301e040c35040d025d404ec580d6a5c56876dbc2021900a002091a040271060d035d40512c3bcea5c53374dec2014b00a001341a0315f9060d045d405392f3c5a5c55688e1c2014700a0012e1a031388040d
7/30/2019 15:18,RockBLOCK 17285,MO,015d40585f29b4a5c51c38e8c2014000a001241a030ea6040d025d405ac522aba5c55f6bebc2013e00a001201a030c35040d035d405d2c00a2a5c502daeec2013d00a0011e1a030ea6060d045d405f920359a4c5102cf2c2013c00a0011d1e030ea6060d
7/30/2019 16:09,RockBLOCK 17285,MO,015d40645e5745a4c55040f8c2014000a0011f22030753060d025d4066c36d3aa4c54bf6fac2014000a001201e0304e2040d035d406929d72fa4c5a9f9fdc2014300a001241a030000040d045d406b8fed24a4c56d6d00c3013c00a0011c1a02222e040d
7/30/2019 17:01,RockBLOCK 17285,MO,015d40705b0811a4c5209b03c3013e00a001201a021d4c060d025d4072c1a007a4c5d14a05c3013f00a001231a021adb060d035d407527ddfda3c5ff0307c3014200a001281a021adb040d045d40778d90f4a3c573a108c3013f00a001231e021adb040d
7/30/2019 17:52,RockBLOCK 17285,MO,015d407c5a25e2a3c5faad0bc3014400a001291a021adb060d025d407ec0f4d8a3c5d5310dc3013d00a001221a021adb060d035d408126b2cfa3c5f7a60ec3013e00a001231a021adb040d045d40838b13c6a3c5dc3f10c3021100a001601a021d4c040d
7/30/2019 18:43,RockBLOCK 17285,MO,015d408856d2b3a3c5f51613c3016000a001471a021fbd060d025d408abcdcaaa3c5a26714c3015700a0013c1a02222e040d035d408d224ea2a3c51eb715c3015000a001331a02249f040d045d408f872299a3c5a42b17c3014c00a0012e1a02249f040d
7/30/2019 19:34,RockBLOCK 17285,MO,015d4094521e87a3c57d051ac3020100a0014f1a030271040d025d4096b8927da3c51b711bc3014f00a001351a030271060d035d40991ece74a3c526b51cc3014b00a001311a030271060d045d409b85136ca3c5d3001ec3014a00a0012f1a000000400d
7/30/2019 20:25,RockBLOCK 17285,MO,015d40a050825aa3c5d8b948c3016200a0014a1a0309c4060d025d40a2b66852a3c582214ac3043800a0042e22030c35060d035d40a51dc348a3c51f7d49c3041600a0040b1e0304e2040d045d40a7830c3ea3c580151ec3032f00a0032122030000060d
7/30/2019 21:16,RockBLOCK 17285,MO,015d40ac51a727a3c5935d17c3023100a0021e1a030000040d025d40aeb71a1ca3c5d4f613c3020400a001501a030271060d035d40b11dc010a3c588a810c3013000a001131a030271040d045d40b3832205a3c548790dc3013100a001131a030271040d
7/30/2019 22:08,RockBLOCK 17285,MO,015d40b84e3deda2c55d3307c3013d00a001211a0304e2060d025d40bab4ffe0a2c5381f04c3015f00a0014a1a030271060d035d40bd1a91d5a2c5cdfb00c3013c00a001211a030271040d045d40bf7fa1c9a2c57765fbc2014c00a001311a0304e2040d
7/30/2019 22:59,RockBLOCK 17285,MO,015d40c44b04afa2c5139aefc2015700a0013e1a030753060d025d40c6b1bea0a2c50f25eac2014200a001281a0304e2060d035d40c9175792a2c55420e5c2015500a0013b1e0304e2060d045d40cb7c8483a2c52426e0c2016100a001491a030753040d
7/30/2019 23:50,RockBLOCK 17285,MO,015d40d048ee25a1c5a734d6c2022000a0020d1a0304e2060d025d40d2afbe16a1c57022d1c2015a00a001421a0304e2040d035d40d515b009a1c5aa27cbc2020000a0014e1a0304e2060d045d40d77c8efda0c57d9c69c2020900a001581a0304e2040d
7/31/2019 0:41,RockBLOCK 17285,MO,015d40dc48ace5a0c5f58150c2020800a001581e030271060d025d40deaf0fdaa0c5981744c2013a00a0011b1a0304e2040d035d40e115c3cda0c55c6337c2013b00a0011c1e030271060d045d40e37aa7c1a0c540ca2ac2013c00a0011d1a030000040d
7/31/2019 1:32,RockBLOCK 17285,MO,015d40e84633a9a0c523fb11c2013900a001191e02222e060d025d40eaac679ca0c545db05c2013900a001191e02222e060d035d40ed12938fa0c56f2ff4c1013900a0011a1a02222e060d045d40ef795b82a0c5a380dcc1013700a0011a1a02222e060d
7/31/2019 2:23,RockBLOCK 17285,MO,015d40f445346aa0c59531abc1013e00a001241a02222e060d025d40f6ab3960a0c5b72290c1013900a001211a02222e040d035d40f9119656a0c5f5736cc1013e00a001271a02222e040d045d40fb770b4da0c59d6337c1014b00a0012e2202222e060d
7/31/2019 3:15,RockBLOCK 17285,MO,015d4100416f39a0c500009ec0012700a0010c1a02222e040d025d4102a74d2ea0c54243dbbf014300a0012b1a02249f080d035d41050dbd22a0c5e674193f013d00a001231a030000060d045d410773f320a0c59869fb3d013600a0011c1a030753060d
7/31/2019 4:06,RockBLOCK 17285,MO,015d410c3fea20a0c59d85fd3d013c00a0011e1a000000600d025d410ea4e920a0c5ae2afb3d013b00a0011b1a030ea6060d035d41110ae820a0c5f3abf93d013900a001191a030ea6040d045d411370ea20a0c5b0acf43d013500a001121a030ea6040d
7/31/2019 4:57,RockBLOCK 17285,MO,015d41183cf620a0c51de60b3e013c00a0011e1a030c35060d025d411aa1f420a0c55ed70f3e013d00a001201a030ea6040d035d411d07f420a0c508030f3e013e00a001221a030c35040d045d411f6df120a0c596210e3e013f00a001251a030c35040d
7/31/2019 5:48,RockBLOCK 17285,MO,015d412439f420a0c5b9aa0c3e013e00a001241a0309c4040d025d41269fe920a0c5f92c0f3e015b00a001421e0309c4040d035d412906ee20a0c50a11103e016000a001471a0309c4040d045d412b6ced20a0c59e7b0f3e016100a001481a0309c4060d
7/31/2019 6:39,RockBLOCK 17285,MO,015d41303af320a0c5a1db0b3e013d00a001201a0309c4040d025d4132a0f520a0c5eba80a3e013e00a001201a0309c4040d035d413507f320a0c5de02093e015200a001391a030c35040d045d41376ef720a0c5d9940b3e014b00a001301a030c35040d
7/31/2019 7:30,RockBLOCK 17285,MO,015d413c3af820a0c59a5f0d3e014600a0012b1a030c35060d025d413ea0f620a0c5d2a90b3e014900a0012e1a030c35040d035d414106f020a0c5417d0b3e014b00a001321a0309c4060d045d41436bf520a0c57cd50a3e014e00a001351a0309c4060d
7/31/2019 8:22,RockBLOCK 17285,MO,015d414838f520a0c54f232d3e014900a0012f1a0309c4040d025d414a9ff720a0c5c4b12e3e014100a001241a030c35060d035d414d06f520a0c51e33303e013e00a001201a030c35040d045d414f6eea20a0c5857c303e014300a001251e030ea6040d
7/31/2019 9:13,RockBLOCK 17285,MO,015d41543cf020a0c55cc92e3e014100a001231a031388060d025d4156a3f020a0c508942d3e013f00a001211a0315f9040d035d41590af020a0c56f0d2c3e016000a001481a03186a060d045d415b71f320a0c56c3e2e3e016000a001491a031adb040d
7/31/2019 10:04,RockBLOCK 17285,MO,015d41603ff820a0c50b412e3e013c00a0011f1a03222e060d025d4162a6fd20a0c5b4ab303e013b00a0011f1a040271040d035d416520f720a0c54f232d3e021400a00160120404e2080d045d416773f320a0c5f6ee2f3e014d00a001341a040c35040d
7/31/2019 10:56,RockBLOCK 17285,MO,015d416c41f520a0c5b77a2e3e020e00a0015c1a041117060d025d416ea9f520a0c5711b2d3e022400a002111a041388060d035d417110f620a0c547382d3e023e00a0022d1a041adb060d045d41739fee20a0c5832f2c3e015301a001351a041d4c040d
7/31/2019 11:47,RockBLOCK 17285,MO,015d417845f320a0c57db32d3e021d00a002081e051117060d025d417aacf920a0c568b32a3e020c00a001591a05222e060d035d417d14fe20a0c55beb2b3e013b00a0011c1a061388060d045d417f7aff20a0c581212b3e013c00a0011d1a051117060d
7/31/2019 12:38,RockBLOCK 17285,MO,015d418448fd20a0c505862c3e015100a001361a051d4c060d025d4186ae0021a0c5dba22c3e014e00a001311e05249f040d035d418914fc20a0c548a72e3e014a00a0012c1a05186a060d045d418b7afe20a0c575592c3e014200a001221a0515f9060d
7/31/2019 14:20,RockBLOCK 17285,MO,
7/31/2019 15:11,RockBLOCK 17285,MO,015d41a84682dc9fc56c78a040014000a001241a050ea6060d025d41aaac3cd49fc50aae0941013f00a001211a050000060d035d41ad1273c79fc58a653641013d00a0011e1a04186a060d045d41af7895b99fc5172b6141013d00a0011d1a0415f9040d
7/31/2019 17:53,RockBLOCK 17285,MO,015d41ce28a2b59dc5039b2742014d00a001321a03249f040d025d41d08e3da69dc56c862f42014f00a001341e03249f060d035d41d2f3c6969dc55f783742021300a001621a040000040d045d41d559d1879dc5ee7a3f42020a00a001581a040000040d
7/31/2019 18:44,RockBLOCK 17285,MO,015d41da25f9699dc598835042015b00a001401a040271040d025d41dc8b945a9dc5e8b05842015300a001361a0404e2040d035d41def01c4b9dc53dc76042014d00a0012f1a0404e2060d045d41e156bd3b9dc50e336942015900a0013e1a040753060d
7/31/2019 19:35,RockBLOCK 17285,MO,015d41e621aa1c9dc5e625cd42014600a001281a040753060d025d41e887cf0c9dc55a68d142016200a0014a1e040753060d035d41eaed33fd9cc56fb3d542020000a0014c1a040753060d045d41ed53ebed9cc57ee0d942020200a0014d1a040753040d
7/31/2019 20:27,RockBLOCK 17285,MO,015d41f21faccf9cc5537be242015f00a001451a040c35040d025d41f48564c09cc5c5c5e642044900a0043f1a040c35040d035d41f6eb0db19cc57b1aeb42040600a0035e1a040c35060d045d41f951a0a19cc58e72ef42014c00a001321e0409c4060d
7/31/2019 21:18,RockBLOCK 17285,MO,015d41fe1daf829cc5bde6f742021400a001621a040753040d025d42008488739cc5f12dfc42020800a001541a040753060d035d4202eac3639cc588100043014600a0012a1a0409c4060d045d42055020549cc5bc130243014700a0012b1a0409c4060d
7/31/2019 22:09,RockBLOCK 17285,MO,015d420a1caaf49ac5a0520643013d00a001211a040c35060d025d420c82a6e49ac5a6700843013c00a001211a041117060d035d420ee987d49ac5d2b60a43014c00a001321a0415f9040d045d42114f25c49ac582080d43015300a0013a1a04186a040d
7/31/2019 23:00,RockBLOCK 17285,MO,015d42161b49a39ac5fa921143014d00a001301a041d4c060d025d42188250939ac5bee21343015300a001381a041fbd060d035d421ae8dc829ac50b2f1643015c00a001431a041fbd020d045d421d4fe7729ac585671843020500a001521a04249f040d
7/31/2019 23:51,RockBLOCK 17285,MO,015d42221b86529ac5a29b1c43020a00a0015a1a0504e2040d025d422481e3419ac5ffab1e43020c00a0015c1a050271040d035d4226e75c319ac5aabb4843020800a001561a0504e2040d045d42294db4209ac571c34a43014a00a001301a050753060d
8/1/2019 0:42,RockBLOCK 17285,MO,015d422e1961019ac5ac7d4f43014e00a001331e050753040d025d42307f57f199c591d75143013900a0011a1a050753040d035d4232e553e199c539145443013a00a0011b1e0504e2060d045d42354a06d199c5ab2f5643013b00a0011c1a0509c4040d
8/1/2019 1:34,RockBLOCK 17285,MO,015d423a17f2af99c52b805a43013900a0011a1a0509c4040d025d423c7d1d9f99c5bca25c43013900a0011b1a050753060d035d423ee3258e99c594b45e43013900a0011b1a050753040d045d424149b87c99c5a2906043013900a0011d1a050753060d
8/1/2019 2:25,RockBLOCK 17285,MO,015d424617ef5999c5f55b6443013a00a001211a0509c4060d025d42487e154999c5476f6643013900a001221a050c35040d035d424ae5443899c57aa26843020500a001551a050c35040d045d424d4d322799c58dcc6a43014b00a0012d1a050c35040d
8/1/2019 3:16,RockBLOCK 17285,MO,015d42521b23c697c5ed196f43013e00a001241a050ea6060d025d42548169b597c5bc277143014900a0012d1a051117040d035d4256e829a497c568167343013b00a001201e051117040d045d42594e199397c59cf57443013a00a0011f1a051388060d
8/1/2019 4:07,RockBLOCK 17285,MO,015d425e1a2d7297c54ff37843013a00a0011d1a051117060d025d426080136297c55ef57a43013900a0011c1e051117040d035d4262e6bc5197c58c077d43013800a0011c1a051117040d045d42654ce14097c5b0067f43013d00a0011d1a051388060d
8/1/2019 4:58,RockBLOCK 17285,MO,015d426a18441f97c5616b8143013d00a0011f1e0515f9040d025d426c7e510e97c5e34f9643013d00a001201a0515f9040d035d426ee4bcfd96c5963c9743013d00a00121220515f9040d045d42714a60ed96c5f4379843013d00a001231a05186a040d
8/1/2019 5:50,RockBLOCK 17285,MO,015d42761613cd96c527509a43020000a0014f1a051d4c060d025d42787c01bd96c5295d9b43013800a0011f1a051adb060d035d427ae3b6ac96c52e599c43013c00a001211a051d4c060d045d427d48549c96c51c519d43013b00a0011f1a051fbd060d
8/1/2019 6:41,RockBLOCK 17285,MO,015d428214477c96c5b73c9f43015e00a001471e051fbd040d025d42847a5a6c96c51c33a043015600a0013d1a05222e040d035d4286e0fa5b96c50028a143014e00a001341a05249f060d045d428946e24b96c5801fa243014700a0012c1a05249f040d
8/1/2019 7:32,RockBLOCK 17285,MO,015d428e13592b96c51b08a443014500a001291a060000060d025d42907af61a96c572ffa443014700a0012c1a060271060d035d4292e1ab0a96c5f6f1a543014900a0012f1e0604e2060d045d429548b8ba94c59eeba643013900a0011e1a060753040d
8/1/2019 8:23,RockBLOCK 17285,MO,015d429a15909a94c501d5a843014400a001281e061388060d025d429c7caf8a94c5c7d8a943014600a001291a061adb040d035d429ee3c27a94c5b7d6aa43014600a001291a061fbd060d045d42a14bb06a94c5d8cdab43014600a001281a06222e040d
8/1/2019 9:14,RockBLOCK 17285,MO,015d42a61a854a94c5febead43014100a001241a0704e2060d025d42a8808b3a94c5a6afae43015900a001411a070753040d035d42aae7952a94c50995af43016000a001471e070c35060d045d42ad4e9c1a94c5857db043020000a0014c1a071117040d
8/1/2019 10:06,RockBLOCK 17285,MO,015d42b21bc7fb93c5d052b243015e00a001461a071fbd060d025d42b48249ec93c5e448b343015100a001371a07186a060d035d42b6e9bbdc93c55a3dc843014f00a001351a071fbd060d045d42b95058cd93c5d02fc943014d00a001341a07222e040d
8/1/2019 10:57,RockBLOCK 17285,MO,015d42be1ea2ad93c596f6ca43015b00a001411a07249f060d025d42c0859c9d93c576d5cb43014600a0012c22071d4c040d035d42c2ec0b8e93c5abcdcc43020600a001511a071adb060d045d42c552b87e93c523cdcd43014200a001251a0715f9040d
8/1/2019 11:57,RockBLOCK 17285,MO,010000000000000000000000000000000000000007222e040d0200000000000000000000000000000000000000071adb040d03000000000000000000000000000000000000000715f9080d040000000000000000000000000000000000000007186a040d
8/1/2019 12:56,RockBLOCK 17285,MO,010000000000000000000000000000000000000007249f060d02000000000000000000000000000000000000000804e2060d0300000000000000000000000000000000000000080753040d0400000000000000000000000000000000000000081388060d
8/1/2019 13:56,RockBLOCK 17285,MO,0100000000000000000000000000000000000000080271060d020000000000000000000000000000000000000007249f040d030000000000000000000000000000000000000007186a060d0400000000000000000000000000000000000000071117040d
8/1/2019 14:55,RockBLOCK 17285,MO,0100000000000000000000000000000000000000071adb060d0200000000000000000000000000000000000000071388060d0300000000000000000000000000000000000000070ea6040d0400000000000000000000000000000000000000071388060d
8/1/2019 15:55,RockBLOCK 17285,MO,0100000000000000000000000000000000000000071117040d0200000000000000000000000000000000000000070c35060d0300000000000000000000000000000000000000070753040d0400000000000000000000000000000000000000070271060d
8/1/2019 16:54,RockBLOCK 17285,MO,010000000000000000000000000000000000000006249f060d0200000000000000000000000000000000000000061fbd040d0300000000000000000000000000000000000000061fbd060d0400000000000000000000000000000000000000061d4c040d
8/1/2019 17:54,RockBLOCK 17285,MO,0100000000000000000000000000000000000000061adb120d0200000000000000000000000000000000000000061adb060d0300000000000000000000000000000000000000061adb060d0400000000000000000000000000000000000000061adb040d
8/1/2019 18:54,RockBLOCK 17285,MO,0100000000000000000000000000000000000000061adb040d020000000000000000000000000000000000000006186a060d030000000000000000000000000000000000000006186a040d040000000000000000000000000000000000000006186a060d
8/1/2019 19:53,RockBLOCK 17285,MO,01000000000000000000000000000000000000000615f9040d02000000000000000000000000000000000000000615f9060d03000000000000000000000000000000000000000615f9060d04000000000000000000000000000000000000000615f9060d
8/1/2019 20:53,RockBLOCK 17285,MO,0100000000000000000000000000000000000000061388060d02000000000000000000000000000000000000000609c4040d03000000000000000000000000000000000000000604e2060d0400000000000000000000000000000000000000060271040d
8/1/2019 21:52,RockBLOCK 17285,MO,010000000000000000000000000000000000000005222e040d0200000000000000000000000000000000000000051117060d0300000000000000000000000000000000000000050c35040d0400000000000000000000000000000000000000050753080d
8/1/2019 22:52,RockBLOCK 17285,MO,01000000000000000000000000000000000000000509c4060d02000000000000000000000000000000000000000509c4060d0300000000000000000000000000000000000000050c35060d0400000000000000000000000000000000000000050c35040d
8/1/2019 23:51,RockBLOCK 17285,MO,0100000000000000000000000000000000000000051117060d0200000000000000000000000000000000000000051388040d030000000000000000000000000000000000000005186a040d0400000000000000000000000000000000000000051fbd040d
8/2/2019 0:51,RockBLOCK 17285,MO,0100000000000000000000000000000000000000060000040d020000000000000000000000000000000000000005249f040d030000000000000000000000000000000000000005249f040d040000000000000000000000000000000000000005249f040d
8/2/2019 1:51,RockBLOCK 17285,MO,010000000000000000000000000000000000000005222e060d020000000000000000000000000000000000000005222e040d0300000000000000000000000000000000000000060000040d0400000000000000000000000000000000000000060271060d
8/2/2019 2:50,RockBLOCK 17285,MO,01000000000000000000000000000000000000000604e2040d02000000000000000000000000000000000000000604e2060d03000000000000000000000000000000000000000604e2060d0400000000000000000000000000000000000000060753040d
8/2/2019 3:49,RockBLOCK 17285,MO,0100000000000000000000000000000000000000060753060d02000000000000000000000000000000000000000609c4060d03000000000000000000000000000000000000000609c4080d0400000000000000000000000000000000000000060c35060d
8/2/2019 4:49,RockBLOCK 17285,MO,0100000000000000000000000000000000000000060ea6040d0200000000000000000000000000000000000000060ea6040d0300000000000000000000000000000000000000060ea6040d0400000000000000000000000000000000000000060c35040d
8/2/2019 5:49,RockBLOCK 17285,MO,0100000000000000000000000000000000000000060c35060d0200000000000000000000000000000000000000060ea6040d0300000000000000000000000000000000000000061117040d04000000000000000000000000000000000000000615f9040d
8/2/2019 6:48,RockBLOCK 17285,MO,0100000000000000000000000000000000000000061d4c040d0200000000000000000000000000000000000000061fbd060d030000000000000000000000000000000000000006222e040d040000000000000000000000000000000000000006249f060d
8/2/2019 7:47,RockBLOCK 17285,MO,0100000000000000000000000000000000000000070271040d0200000000000000000000000000000000000000070c35060d030000000000000000000000000000000000000007186a040d0400000000000000000000000000000000000000080271040d
8/2/2019 8:47,RockBLOCK 17285,MO,0100000000000000000000000000000000000000081d4c060d0200000000000000000000000000000000000000090753060d03000000000000000000000000000000000000000909c4040d040000000000000000000000000000000000000009222e060d
8/2/2019 9:48,RockBLOCK 17285,MO,01000000000000000000000000000000000000000b0753040d02000000000000000000000000000000000000000b0753060d03000000000000000000000000000000000000000b15f9060d04000000000000000000000000000000000000000b0753060d
8/2/2019 10:47,RockBLOCK 17285,MO,01000000000000000000000000000000000000000d04e2060d02000000000000000000000000000000000000000e0ea6060d03000000000000000000000000000000000000000e1adb060d04000000000000000000000000000000000000000e0ea6060d
8/2/2019 11:47,RockBLOCK 17285,MO,01000000000000000000000000000000000000000e0ea6060d02000000000000000000000000000000000000000f0000040d03000000000000000000000000000000000000000d222e040d04000000000000000000000000000000000000000d1117040d
8/2/2019 12:37,RockBLOCK 17285,MO,015d4427274ba08cc576011f44014700a001281a14222e060d025d44298f4ba08cc579011f44014b00a0012d1a1209c4060d035d442bf84ca08cc56d011f44015000a001331a111388040d045d442e6049a08cc578011f44014400a001251a0f1d4c040d
8/2/2019 13:29,RockBLOCK 17285,MO,015d44333147a08cc58b011f44014c00a001301e0c1d4c060d025d44359a4ba08cc58e011f44015300a001391a0d0271060d035d4438024ba08cc5a3011f44014c00a001321e0c222e060d045d443a6a49a08cc579011f44013f00a001251e0b1d4c020d
8/2/2019 14:20,RockBLOCK 17285,MO,015d443f394da08cc583011f44013a00a0011e1a0c186a080d025d4441a14ba08cc558011f44014000a001261e0c15f9060d035d44440a4ba08cc57a011f44014500a0012d1a0d0271080d045d4446724aa08cc57a011f44014200a001281a0c0ea6060d
8/2/2019 15:11,RockBLOCK 17285,MO,015d444b4348a08cc57f011f44014000a001231a0a1fbd060d025d444dab4aa08cc56f011f44013f00a001211a0a0ea6060d035d4450134ba08cc575011f44014200a001241e0a04e2040d045d44527d4aa08cc57d011f44013f00a0011f1e09222e040d
8/2/2019 16:03,RockBLOCK 17285,MO,015d44574e48a08cc577011f44013c00a0011f1e090ea6040d025d4459b649a08cc578011f44013d00a0011c1a090753060d035d445c1e4aa08cc579011f44013f00a001201a0904e2060d045d445e8747a08cc57f011f44014200a001251a08249f040d
8/2/2019 16:54,RockBLOCK 17285,MO,015d446359af5f8bc52cf81e44013b00a0011f1e0804e2080d025d4465c2fc5d8bc589dd1e44013b00a0011d1a07222e060d035d44682bc35c8bc5dfca1e44013b00a0011d1a07222e040d045d446a94285c8bc565bf1e44013c00a0011e1a071fbd060d
8/2/2019 17:48,RockBLOCK 17285,MO,015d446f660c5b8bc5f4ac1e44014900a0012d1e071d4c080d02000000000000000000000000000000000000000709c4040d035d4474b435568bc544691f44021300a001611a070271040d045d44771e1d538bc562e51f44020a00a001561e070753060d
8/2/2019 18:39,RockBLOCK 17285,MO,015d447bf1774b8bc59b062144020300a0014e1a070ea6060d025d447e5a87428bc5ea632144020700a001511a071117060d035d4480c396308bc588e62144020200a0014d1a0715f9060d045d44832bf61c8bc506762244015700a0013b1a07186a060d
8/2/2019 19:31,RockBLOCK 17285,MO,015d4487fd4bf58ac557932344014d00a001301e071d4c060d025d448a6668e18ac547212444015000a001331a07222e040d035d448ccfe4cd8ac5a1ad2444016200a001481a071fbd040d045d448f380dba8ac550392f44016200a001491a071fbd040d
8/2/2019 20:22,RockBLOCK 17285,MO,015d449408df918ac5fe4d3044015300a001391a07249f060d025d449670af7d8ac5e7d63044014f00a001331a071fbd040d035d4498d86d698ac55a5f3144014800a0012c1a07186a060d045d449b3f6d558ac5a0e83144014300a001271e07186a080d
8/2/2019 21:13,RockBLOCK 17285,MO,015d44a010a02c8ac542ea3244014e00a001351a07186a060d025d44a27838188ac5d8653344014000a001231e071adb060d035d44a4e1c0038ac534e13344014900a0012d1a071d4c040d045d44a7493cef89c56c5d3444014a00a0012d1a071fbd060d
8/2/2019 22:05,RockBLOCK 17285,MO,015d44ac1a0dc789c57e573544014c00a001301a080271040d025d44ae8329b889c591c53544014f00a001331e080000040d035d44b0ece1ab89c50e253644015300a001381a080000060d045d44b355229b89c5429c3644015800a0013f1e0804e2040d
8/2/2019 22:56,RockBLOCK 17285,MO,015d44b8264d3a88c5c68f3744013600a0011c1a080753040d025d44ba8f4b2a88c50c103844013500a0011c1a080c35060d035d44bcf7e11988c5058c3844015200a0013a1a081117060d045d44bf60250988c5cf043944015300a0013b1a081388040d
8/2/2019 23:47,RockBLOCK 17285,MO,015d44c4300de887c58bff3944021800a002031a08186a040d025d44c69758d787c57e7d3a44014300a001231e081adb060d035d44c8feb3c687c532fa3a44014400a001241a08222e060d045d44cb6730b687c5c9773b44014500a001251a090753040d
8/3/2019 0:39,RockBLOCK 17285,MO,015d44d036349587c5b0733c44014500a001261a091117040d025d44d29ea08487c59eef3c44014600a001261a0915f9060d035d44d505377487c58a6c3d44013900a001191a09249f060d045d44d76dfe6387c5a2ee3d44013900a0011a1a0a0753060d
8/3/2019 1:30,RockBLOCK 17285,MO,015d44dc3c714287c5bbe04844014800a0012c1e0a0ea6060d025d44dea4c53187c52e564944014000a00125160a1388060d035d44e10b552187c518cb4944013b00a0011f1a0a1117060d045d44e373861187c567474a44013a00a0011f1a0a0ea6060d
8/3/2019 2:21,RockBLOCK 17285,MO,015d44e84442f286c55d544b44013c00a001221a0a1117060d025d44eaac68e286c5a1cf4b44013900a0011e1a0a186a060d035d44ed136ed286c58f454c44015400a0013c160a1adb060d045d44ef7a5bc286c593bb4c44014400a001241e0a1adb060d
8/3/2019 3:13,RockBLOCK 17285,MO,015d44f44a16a286c579a14d44014000a001211a0a1fbd060d025d44f6b1bf9186c5190e4e44013600a0011c1a0a1fbd060d035d44f919f08186c586854e44013900a0011e1a0a222e060d045d44fb811e7286c529014f44013900a0011e1a0a1fbd060d
8/3/2019 4:04,RockBLOCK 17285,MO,015d450050586086c56d814f44013a00a0011d1a0a222e060d025d4502b8566086c55c814f44013900a0011c1a0a249f040d035d450520586086c564814f44013700a0011a1a0a249f040d045d450788556086c56f814f44014100a001231a0a249f080d
8/3/2019 4:55,RockBLOCK 17285,MO,
8/3/2019 5:46,RockBLOCK 17285,MO,015d45185b5a6086c501824f44013b00a001201a0b0000060d025d451ac3576086c504824f44013a00a0011f1a0b0000040d035d451d2a556086c504824f44013a00a0011f1a0b0000040d045d451f92556086c5f4814f44013b00a0011f1a0b0271040d
8/3/2019 6:38,RockBLOCK 17285,MO,015d452460566086c5e1814f44015e00a001461e0b04e2060d025d4526c8576086c5c8814f44014200a001241a0b04e2060d035d452930586086c5e5814f44014c00a001311a0b0753060d045d452b985a6086c5cb814f44014100a001241a0b09c4040d
8/4/2019 13:31,RockBLOCK 17285,MO,00008000004800403a0101000000004070ff012070ff0120030200000000000000000000000000000000000000171306000d0300000000000000000000000000000000000000140706000d0400000000000000000000000000000000000000131108000d
8/4/2019 14:31,RockBLOCK 17285,MO,0100000000000000000000000000000000000000120404000d0200000000000000000000000000000000000000000004000d0300000000000000000000000000000000000000000004000d0400000000000000000000000000000000000000000004000d
8/4/2019 15:30,RockBLOCK 17285,MO,0100000000000000000000000000000000000000000006000d0200000000000000000000000000000000000000110206000d0300000000000000000000000000000000000000102206000d0400000000000000000000000000000000000000000006000d
8/4/2019 16:30,RockBLOCK 17285,MO,0100000000000000000000000000000000000000110406000d0200000000000000000000000000000000000000000004000d0300000000000000000000000000000000000000000006000d0400000000000000000000000000000000000000100e06000d
8/4/2019 17:30,RockBLOCK 17285,MO,
8/4/2019 17:30,RockBLOCK 17285,MO,
8/4/2019 17:31,RockBLOCK 17285,MO,
8/4/2019 17:32,RockBLOCK 17285,MO,
8/4/2019 17:32,RockBLOCK 17285,MO,
8/4/2019 17:33,RockBLOCK 17285,MO,
8/4/2019 17:34,RockBLOCK 17285,MO,
8/4/2019 17:34,RockBLOCK 17285,MO,
8/5/2019 9:37,RockBLOCK 17285,MO,0100000000000000000000000000000000000000100e06000d025d47f3c57e1e62c5ccc9a444014e00a001311a152204000d035d47f62c731e62c5dec9a444014d00a0012f1a140706000d045d47f894611a62c515bfa444014500a001271a131d04000d
8/5/2019 10:28,RockBLOCK 17285,MO,015d47fd64260562c57482a544014500a001291a130204000d025d47ffcca7fb61c513f6a544014400a001291a121306000d035d48023427f261c5c769a644014200a001271e111a04000d045d48049deae661c56bdba644014000a001241e130204000d
8/5/2019 11:20,RockBLOCK 17285,MO,015d48096e48ce61c58cc0a744013e00a001211a132204000d025d480bd501c161c53732a844014000a001221e131d04000d035d480e3dbab461c549a3a844014100a001241a122404000d045d4810a622aa61c5ea15a944015200a001371a130e04000d
8/5/2019 12:11,RockBLOCK 17285,MO,015d481576389361c50efea944015900a0013f1a121104000d025d4817de1a8561c50f70af44014500a001251a120c04000d035d481a47057861c5b8e0af44014800a001291a130404000d045d481cafee6b61c58f53b044014c00a0012f1a121d06000d
8/5/2019 13:02,RockBLOCK 17285,MO,015d48217e355661c56536b144015300a001391a120004000d025d4823e5ba4a61c560a8b144014200a001261a112404000d035d48264e014061c5a91db244014100a001241a112404000d045d4828b5a83361c5528fb244013f00a001231a122404000d
8/5/2019 13:54,RockBLOCK 17285,MO,015d482d85301861c58c70b344013900a0011a1a112404000d025d482fed620b61c553dfb344013b00a0011c1a111f04000d035d483255637e5ec55c4eb444013d00a001231a111a04000d045d4834be60725ec5b9beb444014000a001251a110c04000d
8/5/2019 14:45,RockBLOCK 17285,MO,015d48398ea05a5ec5a99eb544013900a0011c1a102404000d025d483bf6fd4f5ec5c110b644013800a0011a1a101504000d035d483e5f67445ec57d82bb44013900a0011b1a101304000d045d4840c795375ec58bf4bb44014500a001281a101106000d
8/5/2019 15:36,RockBLOCK 17285,MO,015d4845976b1e5ec57fd8bc44014100a001201a100404000d025d4847ffb6135ec5904cbd44014000a0011f1a100e04000d035d484a6606085ec5b1bfbd44014000a0011f1a101806000d045d484ccef0fb5dc59633be44014000a001201a101106000d
8/5/2019 16:28,RockBLOCK 17285,MO,015d48519ee4e35dc5a619bf44014200a001251a100404000d025d4854053dd75dc59f8bbf44014500a0012a1a100404000d035d48566eaaca5dc5a1febf44014b00a0012f1a100204000d045d4858d65cbf5dc56872c044013e00a0011f1a100204000d
8/5/2019 17:19,RockBLOCK 17285,MO,015d485da613aa5dc5a359c144013d00a001201a100204000d025d48600e539f5dc5adcbc144014900a0012c1a100004000d035d486276aa935dc5b33cc244022400a002111e0f2404000d045d4864ddd3875dc5b5abc244021600a002001e0f2404000d
8/5/2019 18:10,RockBLOCK 17285,MO,015d4869ada36b5dc5018cc844020200a0014d1a100206000d025d486c146e5d5dc569fdc844016200a001481a100704000d035d486e7c84515dc5456ec944016200a001481a100c04000d045d4870e4ec455dc5e5ddc944020300a0014e1a101104000d
8/5/2019 19:02,RockBLOCK 17285,MO,015d4875b2872f5dc5ecbaca44015300a001361a101304000d025d48781a9b225dc56127cb44014c00a0012f1a101104000d035d487a823d165dc57d94cb44014a00a0012c1a100c04000d045d487ce9b2095dc59403cc44014c00a0012f1a100904000d
8/5/2019 19:53,RockBLOCK 17285,MO,015d4881b8bff35cc559e4cc44016300a0014a1a100904000d025d48841fe1e75cc58456cd44015e00a001451a100e04000d035d48868714db5cc57dc9cd44015200a001361a101304000d045d4888ee9ece5cc50d3ace44014900a0012c1a101a04000d
8/5/2019 20:44,RockBLOCK 17285,MO,015d488dbe46b55cc50818cf44013600a001161a101804000d025d4890250ba85cc51885d444014300a001271e101a04000d035d48928d319b5cc501f3d444023300a0021f1a101d04000d045d4894f530905cc5c561d544014900a0012e1a101f06000d
8/5/2019 21:36,RockBLOCK 17285,MO,015d4899c6c27a5cc5a33bd644014800a0012a1a101504000d025d489c2ed86d5cc55da7d644014800a0012a1e101304000d035d489e9744635cc51616d744014800a0012a1a100e02000d045d48a0ff78595cc5f584d744013d00a001231a100c04000d
8/5/2019 22:27,RockBLOCK 17285,MO,015d48a5d1983f5cc59d59d844013b00a001201a101104000d025d48a83aee335cc505c6d844013800a0011d1a101304000d035d48aaa4ff295cc50d32d944013500a0011a1a101a04000d045d48ad0c1c205cc5699fd944013b00a0011e1e101f04000d
8/5/2019 23:18,RockBLOCK 17285,MO,015d48b1dd0a0a5cc52b78da44014000a001231a101f04000d025d48b44533ff5bc599e6da44013d00a0011d1a101f06000d035d48b6ae8bf45bc57555db44013d00a0011c1a101f04000d045d48b917b5e55bc5e2c1db44013d00a0011c1a101f04000d
8/6/2019 0:10,RockBLOCK 17285,MO,015d48bde9eecb5bc56f9fe144013e00a0011c1a101a04000d025d48c0510ec05bc5f80fe244013e00a0011c1a101804000d035d48c2babcb35bc5fb7fe244013e00a0011d1a101804000d045d48c523cba75bc5a7f0e244013e00a0011d1a101a06000d
8/6/2019 1:01,RockBLOCK 17285,MO,015d48c9f5488f5bc54dd3e344014200a001231a101a04000d025d48cc5e24835bc5e244e444013900a0011b1a101a04000d035d48cec711775bc53bb6e444013800a0011b1a101a04000d045d48d1303d6d5bc5542ae544013900a0011b1a101a04000d
8/6/2019 1:53,RockBLOCK 17285,MO,015d48d600165a5bc5550ee644013e00a001241a101f04000d025d48d8695a525bc52b80e644013b00a001211a102406000d035d48dad220495bc5a5f1e644012a00a0010b1a110006000d045d48dd3b103f5bc53a63e744013c00a0011c1e110404000d
8/6/2019 2:44,RockBLOCK 17285,MO,015d48e20c722f5bc5dd47e844013d00a0011c1a102204000d025d48e474e3275bc528baed44013d00a0011c1a102204000d035d48e6ddfd1e5bc50e2cee44013d00a0011e1a102204000d045d48e94622155bc5939dee44014500a0012516101804000d
8/6/2019 3:35,RockBLOCK 17285,MO,015d48ee177b065bc54574ef44014500a0012a1a100e04000d025d48f08026045bc58bdbef44013d00a001221a100c06000d035d48f2e93a005bc56347f044013c00a001201a100704000d045d48f552bbf75ac55cb1f044013900a0011e1a100004000d
8/6/2019 4:27,RockBLOCK 17285,MO,015d48fa23d9d05ac52c68f144013300a001161a0f1804000d025d48fc8ca4cd5ac528dcf144013000a001131e0f1504000d035d48fef4c7c85ac5334ef244012e00a0010f1a0f1304000d045d49015de3c25ac5bcc0f244013000a0010f1a0f1104000d
8/6/2019 5:18,RockBLOCK 17285,MO,015d49062e503958c57aa6f344013400a001141a0f1304000d025d490897e73158c5c819f444013300a001121a0f0e04000d035d490aff5f3058c5878ff444013200a001121a0f0906000d045d490d672b2958c5ff03fa44013100a001121a0f0c04000d
8/6/2019 6:10,RockBLOCK 17285,MO,015d4912382c0558c553e0fa44013e00a0011f160f1304000d025d4914a065fc57c5bf53fb44013f00a00120160f1a04000d035d49170853f457c575c6fb44014600a0012a1a100006000d045d491971e0ec57c5c538fc44014d00a0013216100e04000d
8/6/2019 7:01,RockBLOCK 17285,MO,015d491e433cda57c50018fd44014200a0012416110404000d025d4920ab6dd257c51b87fd44014700a0012c1a111a04000d035d49231490ca57c51bf6fd44014200a0012516120904000d045d49257df0c257c5ce65fe44014400a001291a121504000d
8/6/2019 7:52,RockBLOCK 17285,MO,015d492a4eacb057c59242ff44013900a0011b1a141f04000d025d492cb791a757c5bab0ff44013b00a0011b16142204000d035d492f2038a057c55d0f0045013600a001181a152204000d045d4931889e9857c5d8460045013500a001161a151a04000d
8/6/2019 8:44,RockBLOCK 17285,MO,015d493659a98757c588b50045014300a001271a170204000d025d4938c2188057c51e6d0345020300a001511a171f04000d035d493b2b7c7857c5a9a40345013f00a001221a190c04000d045d493d94fa7057c539dc0345014000a001221e1a1106000d
8/6/2019 9:35,RockBLOCK 17285,MO,015d494266c96457c52d4c0445015100a001351a1b2204000d025d4944cf6d5e57c5da830445014f00a001321e1b1d06000d035d4947382f5857c5b7bb0445014c00a0012f1e1b1d04000d045d4949a1b05157c5dff30445014b00a0012d1a1b1804000d
8/6/2019 10:27,RockBLOCK 17285,MO,015d494e74624757c5e3640545014600a001291a1c1504000d025d4950dd3b4057c5529c0545014800a0012c1e1d0206000d035d4953460f3657c509d30545015100a001331e1d2404000d045d4955af562c57c5ce090645015400a001381a1c1d04000d
8/6/2019 11:18,RockBLOCK 17285,MO,015d495a829f1757c5ff770645015a00a001401a1e0704000d025d495ceb8b0d57c595a10645014200a001251a1d1304000d035d495f55a30257c567ce0645015200a001371a1e0404000d045d4961beb8fd56c505dc0645015700a0013d161f0e04000d
8/6/2019 12:09,RockBLOCK 17285,MO,015d496692cbf156c5ea820945014800a0012a1a211104000d025d4968fcc0ee56c526ac0945014a00a0012d1e000060000d035d496b6474ea56c5b7da0945014b00a0012f1e200704000d045d496dce58e356c57b090a45014b00a001301e201a04000d
8/6/2019 13:01,RockBLOCK 17285,MO,015d4972a0a4d356c530690a45014e00a0013316210004000d025d49750936cc56c5d7980a45014b00a0013016201104000d035d49777334c456c549c80a45014e00a0013316201504000d045d4979dc30bc56c58bf70a45013700a001191a200404000d
8/6/2019 13:52,RockBLOCK 17285,MO,015d497eafd4ae56c5d0560b45014200a00123161f0704000d025d498119ffa756c5ec860b45013a00a0011b1a200704000d035d498382fca056c51eb70b45014600a00127161f0c04000d045d4985ec479b56c500e70b45014800a00129161f1f06000d
8/6/2019 14:44,RockBLOCK 17285,MO,015d498abdb78f56c5e5440c45014100a00123161f1f04000d025d498d26be8756c583730c45013a00a0011c1a1f2206000d035d498f8eb97f56c544a20c45014100a001241a1e2404000d045d4991f7227856c583d00c45014a00a0012d1e1e1804000d
8/6/2019 15:35,RockBLOCK 17285,MO,015d4996c9746956c58e2c0d45013e00a0011f1a1d0006000d025d4999328a6256c5d2db0f45015400a0013b1a1a1d04000d035d499b9ac75b56c5bc0b1045014000a0012116160704000d045d499e029a5456c50b3a1045014300a001251a140404000d
8/6/2019 16:26,RockBLOCK 17285,MO,015d49a2d3e74756c591981045014b00a0012f1a121504000d025d49a53a373e56c554c71045013a00a0011a16120c04000d035d49a7a2283756c582f61045013b00a0011a16120404000d045d49aa0ad12f56c567251145013d00a0011e1a120004000d
8/6/2019 17:18,RockBLOCK 17285,MO,015d49aed9382156c532811145014000a001241a120002000d025d49b1406f1a56c584af1145021f00a0020816120204000d035d49b3a8891356c52edf1145022400a002101e120204000d045d49b60f910c56c52a0f1245021400a001621e120204000d
8/6/2019 18:09,RockBLOCK 17285,MO,015d49badfca0156c51c701245020000a0014a1e120202000d025d49bd471ffd55c5a19f1245016100a001461a120404000d035d49bfaf68f955c5f5cf1245016300a001481a120704000d045d49c216d5f555c55a001345020500a001501a120c04000d
8/6/2019 19:00,RockBLOCK 17285,MO,015d49c6e63bee55c55b611345015400a001371a121104000d025d49c94e24ea55c537111645022d00a0021a1a121304000d035d49cbb644e655c5a4401645014c00a0012f1a121302000d045d49ce1d50e255c57d701645014e00a001311a121504000d
8/6/2019 19:52,RockBLOCK 17285,MO,015d49d2ee4fde55c544d11645014700a001281a121502000d025d49d55728dd55c536011745014100a0012016121504000d035d49d7bfe1db55c53f311745014000a001211a121504000d045d49da274bda55c5a4601745013a00a001191e121504000d
8/6/2019 20:43,RockBLOCK 17285,MO,015d49def712cf55c518be1745020100a0014c1a121304000d025d49e160f8c555c5beeb1745014100a001241a121104000d035d49e3c7eabe55c5f0191845014600a0012a1a121104000d045d49e62fbbba55c57b481845014700a0012b1a121104000d
8/6/2019 21:34,RockBLOCK 17285,MO,015d49eb01a4b155c5c5a51845014300a0012416120c02000d025d49ed6967ad55c5afd41845014700a001291a120404000d035d49efd2ffa855c59f031945014000a0012016112204000d045d49f23be7a455c5d3321945014000a0011f16111d04000d
8/6/2019 22:26,RockBLOCK 17285,MO,015d49f70b7c9c55c59d921945014200a0012116111f04000d025d49f974fc9855c5df421c45014300a0012416120702000d035d49fbdcc69555c5fb721c45012900a001091e121104000d045d49fe45e69255c57ea31c45014900a0012d16121504000d
8/6/2019 23:17,RockBLOCK 17285,MO,015d4a03161a8a55c509051d45016000a0014716121804000d025d4a057f168355c568351d45022a00a0021a1a121504000d035d4a07e74a7d55c583661d45025400a002451a121504000d045d4a0a4fe77755c5e2971d45021a00a0020516121504000d
8/7/2019 0:09,RockBLOCK 17285,MO,015d4a0f1fba6f55c56dfc1d45013d00a0011e1a120e04000d025d4a11873a6c55c59b2e1e45014000a0011f1a120c04000d035d4a13ef916a55c5f8601e45013f00a0011e1a120204000d045d4a16561f6c55c5e2931e45013e00a0011d1a111804000d
8/7/2019 1:00,RockBLOCK 17285,MO,015d4a1b26826955c563f91e45013b00a0011a1a110904000d025d4a1d8f1b5b55c5db291f45013a00a001191a110204000d035d4a1ff8684a55c534591f45013a00a0011b22110002000d045d4a2261383d55c59a891f45013700a001151e102204000d
8/7/2019 1:51,RockBLOCK 17285,MO,015d4a27324c2155c529e91f45012900a0010a1a101f04000d025d4a299a841355c5b8982245012a00a0010b1a110006000d035d4a2c03f40355c5d4c62245012c00a0010d1a110904000d045d4a2e6b2df154c551f22245014700a0012d16110e04000d
8/7/2019 2:43,RockBLOCK 17285,MO,015d4a333e57c554c58a442345013300a001141a111a04000d025d4a35a658b254c5426e2345012f00a001131a112204000d035d4a380f42a354c55a9a2345013400a001171a112204000d045d4a3a78de9554c53ec72345013900a0011d1a112204000d
8/7/2019 3:34,RockBLOCK 17285,MO,015d4a3f4838f351c5f61b2445014a00a0012c16112402000d025d4a41b069dd51c56f422445014c00a0012f16112204000d035d4a441833c751c54c692445014d00a0013016111f04000d045d4a468032b151c516902445013300a001161a111d04000d
8/7/2019 4:25,RockBLOCK 17285,MO,015d4a4b50638a51c5aae22445014700a0012916111104000d025d4a4db8827751c5c30c2545014400a0012516110404000d035d4a50201b6651c575372545014200a001231e110004000d045d4a5287655451c542622545013400a0011516102404000d
8/7/2019 5:17,RockBLOCK 17285,MO,015d4a5757c52f51c57cb92545013b00a0011a16110e06000d025d4a59be0d1e51c50be52545013c00a0011c16111a04000d035d4a5c27030d51c501112645013500a0011516111f04000d045d4a5e8f9dfb50c5a83c2645013c00a0011d1a112204000d
8/7/2019 6:08,RockBLOCK 17285,MO,015d4a635fd6da50c5e4142945013c00a0011c16120c02000d025d4a65c814ce50c52f432945013c00a0011c16121a04000d035d4a683077bb50c5036e2945015400a0013b16121104000d045d4a6a993fa250c5cc922945014c00a001311a120e02000d
8/7/2019 6:59,RockBLOCK 17285,MO,015d4a6f6ac86a50c5b0d62945014100a0012316120004000d025d4a71d1ed4f50c516f92945013d00a001221a120e04000d035d4a743a8e3450c5cc1b2a45014900a0012f1a151f06000d045d4a76a3b21850c5153e2a45013a00a0011b16142204000d
8/7/2019 7:51,RockBLOCK 17285,MO,015d4a7b7611e24fc5d0822a45013b00a0011c161a2204000d025d4a7ddfbec44fc53ca32a45016200a0014b161b2404000d035d4a80494ca74fc50cc32a45014a00a0012f161c2204000d045d4a82b4738b4fc56ce42a45015400a0013b161e0206000d
8/7/2019 8:42,RockBLOCK 17285,MO,015d4a8788025a4fc5c62a2b45014700a0012a161e2204000d025d4a89f3453f4fc5154c2b45020600a00153161f0204000d035d4a8c5da0234fc5fb6c2b45016000a00147161f0e04000d045d4a8ec89e074fc5008e2b45015800a0013c161f0c04000d
8/7/2019 9:34,RockBLOCK 17285,MO,015d4a939b25d04ec5ecd02b45015400a001381a200e04000d025d4a96056ab64ec508f42b45015100a001341a201f06000d035d4a986f059c4ec543162c45015100a0013516211d04000d045d4a9ad999824ec50f372c45014f00a0013216220c06000d
8/7/2019 10:25,RockBLOCK 17285,MO,015d4a9fae00594ec5c2592c45014c00a0012e1a221806000d025d4aa2180a524ec53d512c45014600a0012a1e1f0c06000d035d4aa4824d594ec5f9362c45014800a0012e1e1e0406000d045d4aa6ed60584ec50f272c45015300a001361a1e0e06000d
8/7/2019 11:17,RockBLOCK 17285,MO,015d4aabc2d9574ec506272c45014400a001281a1f2406000d025d4aae2dd9574ec5fe262c45015600a0013d161f1808000d035d4ab098dd574ec5f9262c45014d00a00131161f0e06000d045d4ab303da574ec5fa262c45015400a00139161f1a06000d
8/7/2019 12:09,RockBLOCK 17285,MO,015d4ab7d7da574ec503272c45015900a0013e1a1f1d06000d025d4aba42e4574ec5f8262c45015400a0013a1a1f1d06000d035d4abcace0574ec503272c45015500a0013916200908000d045d4abf16df574ec5fe262c45015600a0013a16200c04000d
8/7/2019 13:00,RockBLOCK 17285,MO,015d4ac3ecdc574ec5ff262c45014d00a0013116201506000d025d4ac656da574ec5fa262c45014c00a0013116201a04000d035d4ac8c1da574ec5f4262c45013f00a001211e201306000d045d4acb2ce1574ec5f5262c45014f00a001341a200e04000d
8/7/2019 13:52,RockBLOCK 17285,MO,015d4ad000e3574ec5f1262c45015000a001311a1f150a000d025d4ad26ae5574ec5f7262c45014300a001241a1f1f04000d035d4ad4d4e5574ec5f3262c45014500a00125161f1504000d045d4ad73edb574ec5f6262c45013800a001191a1c0c04000d
8/7/2019 14:43,RockBLOCK 17285,MO,015d4adc10d2574ec5f2262c45014500a001261a172204000d025d4ade7ad8574ec5f2262c45014200a001241a170704000d035d4ae0e4dc574ec5e4262c45013f00a001201a161a04000d045d4ae34ee1574ec5f5262c45014800a0012b16160904000d
8/7/2019 15:35,RockBLOCK 17285,MO,015d4ae823de574ec5fb262c45015200a001371a151104000d025d4aea8ddc574ec508272c45013700a0011816142202000d035d4aecf7de574ec504272c45013600a0011616141102000d045d4aef60df574ec5fa262c45013500a001151a140204000d
8/7/2019 16:26,RockBLOCK 17285,MO,015d4af431de574ec5f5262c45013400a0011416130704000d025d4af699e6574ec5fb262c45013700a0011716121a04000d035d4af901e7574ec5f7262c45013b00a0011a1a120902000d045d4afb69e3574ec5fa262c45014d00a0012f16120004000d
8/7/2019 17:17,RockBLOCK 17285,MO,015d4b0038e0574ec5f8262c45014f00a0013216111302000d025d4b02a1e2574ec501272c45015100a0013416111104000d035d4b0509de574ec5ff262c45014900a0012b1e111504000d045d4b0772df574ec503272c45021100a0015e1e111d04000d
8/7/2019 18:09,RockBLOCK 17285,MO,015d4b0c42e1574ec507272c45016300a001491a111504000d025d4b0eabd8574ec505272c45016200a001471a110c04000d035d4b1113db574ec506272c45020200a0014c1e110404000d045d4b137cd8574ec501272c45020b00a001561a110004000d
8/7/2019 19:00,RockBLOCK 17285,MO,015d4b184cd9574ec500272c45022500a002111a100904000d025d4b1ab4d2574ec50c272c45023000a0021d1a0f1f04000d035d4b1d1cd2574ec502272c45014b00a0012e16110c04000d045d4b1f85dd574ec501272c45015000a001341a131104000d
8/7/2019 19:51,RockBLOCK 17285,MO,015d4b2457e3574ec5f7262c45014300a0012316131d04000d025d4b26c0e3574ec5f7262c45014400a0012516131304000d035d4b2929e4574ec5fc262c45013600a001141e130704000d045d4b2b92e4574ec5f8262c45015b00a001411e121f04000d
8/7/2019 20:43,RockBLOCK 17285,MO,015d4b3065e5574ec5fc262c45015400a0013916121304000d025d4b32cee3574ec5f9262c45015000a0013416121104000d035d4b3537e9574ec5fa262c45013f00a001211a120e04000d045d4b37a1f1574ec500272c45015400a0013a16120904000d
8/7/2019 21:34,RockBLOCK 17285,MO,015d4b3c72ef574ec5f3262c45013c00a0011d16112204000d025d4b3edbe4574ec5fd262c45014100a0012116111a04000d035d4b4144ea574ec5f7262c45014000a0011f16111304000d045d4b43ade4574ec5f9262c45013f00a0011e1a110c02000d
8/7/2019 22:26,RockBLOCK 17285,MO,015d4b487fe3574ec5f5262c45014100a0012016102404000d025d4b4ae8e6574ec5fb262c45014200a0012316101d04000d035d4b4d51e2574ec5fa262c45014500a001271a101504000d045d4b4fb9e6574ec5fa262c45014700a0012d16100e04000d
8/7/2019 23:17,RockBLOCK 17285,MO,015d4b5489e6574ec501272c45013100a001151a100204000d025d4b56f1fa574ec511272c45031500a003081a0f2204000d035d4b5959f1574ec506272c45021c00a00207160f1f04000d045d4b5bc1e6574ec503272c45021700a00202160f1f04000d
8/8/2019 0:08,RockBLOCK 17285,MO,015d4b6092e2574ec502272c45014c00a0012f1a0f1804000d025d4b62fae5574ec5ff262c45014100a00120160f1504000d035d4b6562e1574ec5ff262c45015900a0013e160f1304000d045d4b67cae3574ec501272c45014200a00121160f1104000d
8/8/2019 1:00,RockBLOCK 17285,MO,015d4b6c9ae4574ec500272c45013f00a0011e160f0902000d025d4b6f03e9574ec502272c45013c00a0011a160f0704000d035d4b716be1574ec5ff262c45013d00a0011b160f0402000d045d4b73d4e1574ec5fb262c45013d00a0011d160f0204000d
8/8/2019 1:51,RockBLOCK 17285,MO,015d4b78a5e7574ec500272c45014800a00129160f0004000d025d4b7b0ee3574ec5f7262c45014c00a0012e1a0f0204000d035d4b7d77e6574ec5fc262c45014200a00127160f0204000d045d4b7fdfe0574ec5fd262c45014a00a00130160f0004000d
8/8/2019 2:42,RockBLOCK 17285,MO,015d4b84b0e7574ec5fd262c45013300a001151a0e2404000d025d4b8718e0574ec503272c45014400a00125160e1f04000d035d4b8980e0574ec506272c45014500a001261a0e1d04000d045d4b8be8e2574ec508272c45014600a00128160e1802000d
8/8/2019 3:34,RockBLOCK 17285,MO,015d4b90bae3574ec5fe262c45014b00a0012d160e0c04000d025d4b9323e1574ec502272c45014c00a0012f160e0004000d035d4b958be9574ec506272c45014c00a0012f160d1f04000d045d4b97f4e6574ec505272c45014a00a0012d160d1304000d
8/8/2019 4:25,RockBLOCK 17285,MO,015d4b9cc5e8574ec5fe262c45014000a001201e0c2404000d025d4b9f2de4574ec5fe262c45014100a00123160c1d04000d035d4ba195e3574ec5fb262c45014000a00121160c1a04000d045d4ba3fde4574ec5fa262c45013f00a0011f160c1a04000d
8/8/2019 5:17,RockBLOCK 17285,MO,015d4ba8ced6574ec5fd262c45013b00a0011a160c1a04000d025d4bab36d6574ec5f8262c45013d00a0011c160c1d04000d035d4bad9fdb574ec5f5262c45013e00a0011e160d0004000d045d4bb007db574ec5f9262c45014000a00120160d0c06000d
8/8/2019 6:08,RockBLOCK 17285,MO,015d4bb4d9d4574ec5ff262c45013c00a0011c16140004000d025d4bb742d7574ec507272c45013c00a0011d16161d04000d035d4bb9abd3574ec506272c45013d00a0011e16181d04000d045d4bbc14de574ec50c272c45014900a0012e161a0e04000d
8/8/2019 6:59,RockBLOCK 17285,MO,015d4bc0e7df574ec508272c45013f00a00121161c0e06000d025d4bc350e1574ec507272c45014100a001231a1d0204000d035d4bc5bae6574ec502272c45013600a001171a1d1f04000d045d4bc823e3574ec502272c45013a00a0011a161e1106000d
8/8/2019 7:51,RockBLOCK 17285,MO,015d4bccf5e5574ec5fd262c45013f00a00120161f1506000d025d4bcf5fe5574ec5fc262c45013f00a00120161f1f06000d035d4bd1c8df574ec5fd262c45015a00a0014016200704000d045d4bd432e3574ec5f6262c45015800a0013d16201804000d
8/8/2019 8:42,RockBLOCK 17285,MO,015d4bd905d9574ec5f4262c45020c00a0015a16211104000d025d4bdb6fd9574ec5f7262c45020200a0014e1a211a06000d035d4bddd9db574ec5f2262c45015d00a0014216211f06000d045d4be043db574ec5fa262c45015600a001391a220204000d
8/8/2019 9:34,RockBLOCK 17285,MO,015d4be516de574ec5f7262c45015000a0013316220004000d025d4be780e2574ec5f6262c45013e00a0011f1a211f08000d035d4be9eae4574ec501272c45014d00a001301a211f04000d045d4bec54e7574ec500272c45014f00a0013116000060000d
8/8/2019 10:25,RockBLOCK 17285,MO,015d4bf126ec574ec503272c45014c00a0012e16221804000d025d4bf390e8574ec500272c45014f00a001311e221806000d035d4bf5f9e8574ec5fd262c45014d00a0012e16221a04000d045d4bf862e4574ec5f9262c45015400a001371a220906000d
8/8/2019 11:17,RockBLOCK 17285,MO,015d4bfd35de574ec503272c45014a00a0012d16222406000d025d4bff9fe0574ec5f9262c45014c00a0012f16210c06000d035d4c0209d8574ec5f8262c45014e00a0013216210706000d045d4c0473e4574ec5fb262c45015300a001391a210706000d
8/8/2019 12:08,RockBLOCK 17285,MO,015d4c0948e3574ec5fc262c45015500a0013c1a201106000d025d4c0bb2e6574ec5fc262c45015300a001391a1f2206000d035d4c0e1ce4574ec5f9262c45014e00a001331a1f1506000d045d4c1086e4574ec5fb262c45014a00a0012e1a1f0e06000d
8/8/2019 13:00,RockBLOCK 17285,MO,015d4c155ae6574ec502272c45012c00a0010c1e1f0206000d025d4c17c3e3574ec5fe262c45014700a0012d1a1e0e06000d035d4c1a2ded574ec5fc262c45014f00a001311a1d2404000d045d4c1c96e5574ec505272c45013e00a001201a1d1806000d
8/8/2019 13:51,RockBLOCK 17285,MO,015d4c2168e5574ec502272c45014e00a00132161d0408000d025d4c23d2e5574ec5fa262c45013f00a0011f1a1c1f06000d035d4c263be4574ec5fc262c45014500a001261a1c0704000d045d4c28a4df574ec5fd262c45014700a0012a1a182206000d
8/8/2019 14:42,RockBLOCK 17285,MO,015d4c2d74e5574ec5fa262c45013b00a0011b1a141a04000d025d4c2fdce1574ec5f7262c45013d00a0011e1a140404000d035d4c3244e0574ec5fa262c45013f00a001211a131d04000d045d4c34acd9574ec505272c45014400a001261a130e04000d
8/8/2019 15:34,RockBLOCK 17285,MO,015d4c397dde574ec5f5262c45015300a0013916121d04000d025d4c3be6ee574ec5e6262c45015700a0013d1a121104000d035d4c3e4fde574ec502272c45014100a0012216120204000d045d4c40b7da574ec503272c45014600a001291a111d04000d
8/8/2019 16:25,RockBLOCK 17285,MO,015d4c4588e0574ec5ff262c45013200a001121a110c04000d025d4c47f0e6574ec5f8262c45013900a001191e110404000d035d4c4a59e5574ec5fc262c45013f00a001221a110004000d045d4c4cc2e8574ec5f5262c45013f00a0011e1a102404000d
8/8/2019 17:17,RockBLOCK 17285,MO,015d4c5192df574ec5fc262c45015000a0013416101a04000d025d4c53fbe4574ec5e9262c45014f00a0013216101502000d035d4c5664e5574ec505272c45021b00a002061a101104000d045d4c58cce2574ec505272c45021300a0016016100e04000d
8/8/2019 18:08,RockBLOCK 17285,MO,015d4c5d9dd7574ec5fb262c45016300a0014a1a0f1d04000d025d4c6005d7574ec506272c45016300a001481a0f0c04000d035d4c626dd7574ec503272c45020400a0014f1a0e2404000d045d4c64d5dd574ec5fc262c45020e00a0015b1a0e1a04000d
8/8/2019 18:59,RockBLOCK 17285,MO,015d4c69a4d4574ec50c272c45022900a002151a0e0c04000d025d4c6c0cde574ec500272c45023300a002201a0e0904000d035d4c6e74d9574ec506272c45014f00a001321a0e0402000d045d4c70dcdf574ec501272c45015100a001351a0e0404000d
8/8/2019 19:51,RockBLOCK 17285,MO,015d4c75ace2574ec5fe262c45014700a001281a0e0004000d025d4c7815e4574ec5fd262c45013f00a0011d1a0d2404000d035d4c7a7de3574ec5fe262c45014100a001201a0d1f04000d045d4c7ce6e1574ec5fb262c45014600a001271a0d1d04000d
8/8/2019 20:42,RockBLOCK 17285,MO,015d4c81b5e2574ec504272c45020000a0014c1a0d1506000d025d4c841ce0574ec5f7262c45021200a0015e160d1306000d035d4c8684e4574ec503272c45014500a00127160d1304000d045d4c88ece6574ec502272c45015100a00136160d1304000d
8/8/2019 21:33,RockBLOCK 17285,MO,015d4c8dbde4574ec5fe262c45014200a00123160d0e04000d025d4c9025e2574ec5fb262c45014000a001201a0d0704000d035d4c928dde574ec5ff262c45014000a0011f160d0004000d045d4c94f4df574ec5fa262c45013f00a0011e160c1d04000d
8/8/2019 22:25,RockBLOCK 17285,MO,015d4c99c3eb574ec5f9262c45014100a001211a0c0e04000d025d4c9c2ae7574ec5f9262c45014300a00124160c0904000d035d4c9e92e2574ec5f7262c45015e00a00144160c0704000d045d4ca0f9e7574ec5f9262c45014300a001251a0c0404000d
8/8/2019 23:16,RockBLOCK 17285,MO,015d4ca5c8f9574ec510272c45021600a00201160b2404000d025d4ca82ff3574ec50d272c45021b00a00207160b2204000d035d4caa97d8574ec5f4262c45021b00a00206160b1f04000d045d4cacffdd574ec5fc262c45020200a001501a0b1d04000d
